,gene,site,dG_total_ss,dG_bs1_ss,ddG_mRNA,bp_x,bp_y,dG,structure,site1,site2,dG_total_ds,dG_bs1,dG_bs2,ddG_mRNA,dG_coop,bp_x,bp_y,dG,structure
0,PA14_66630,94,-9.9,-9.9,0.0,"[7, 8, 9, 10, 11, 12, 13, 14, 15, 17, 18, 19, 20, 21, 22, 23, 24, 25, 26, 86, 87, 89, 90, 91, 92, 93, 94, 120, 121, 122, 123, 124, 125, 126, 141, 142, 143, 146, 147, 148, 149, 165, 166, 169, 170, 171, 172, 173, 174, 175]","[63, 62, 61, 60, 59, 58, 54, 53, 52, 50, 49, 47, 46, 45, 44, 43, 42, 41, 40, 115, 114, 112, 110, 109, 108, 107, 106, 137, 136, 135, 134, 133, 132, 131, 160, 159, 158, 157, 156, 155, 154, 200, 199, 196, 195, 194, 193, 187, 186, 185]",-81.98051948051948,......(((((((((.((((((((((.............)))))))).)).)))...))))))......................((.((((((...........))))).).))....(((((((....)))))))...(((..((((....)))))))....((..(((((((.........))).....))))..)),87,99,-15.65071428571429,-12.43,-9.29,-4.645,10.714285714285708,"[7, 8, 9, 10, 11, 12, 13, 14, 15, 17, 18, 19, 20, 21, 22, 23, 24, 25, 26, 86, 87, 89, 90, 91, 92, 93, 94, 120, 121, 122, 123, 124, 125, 126, 141, 142, 143, 146, 147, 148, 149, 165, 166, 169, 170, 171, 172, 173, 174, 175]","[63, 62, 61, 60, 59, 58, 54, 53, 52, 50, 49, 47, 46, 45, 44, 43, 42, 41, 40, 115, 114, 112, 110, 109, 108, 107, 106, 137, 136, 135, 134, 133, 132, 131, 160, 159, 158, 157, 156, 155, 154, 200, 199, 196, 195, 194, 193, 187, 186, 185]",-81.98051948051948,......(((((((((.((((((((((.............)))))))).)).)))...))))))......................((.((((((...........))))).).))....(((((((....)))))))...(((..((((....)))))))....((..(((((((.........))).....))))..))
1,PA14_66630,64,-9.68,-9.68,0.0,"[7, 8, 9, 10, 11, 12, 13, 14, 15, 17, 18, 19, 20, 21, 22, 23, 24, 25, 26, 86, 87, 89, 90, 91, 92, 93, 94, 120, 121, 122, 123, 124, 125, 126, 141, 142, 143, 146, 147, 148, 149, 165, 166, 169, 170, 171, 172, 173, 174, 175]","[63, 62, 61, 60, 59, 58, 54, 53, 52, 50, 49, 47, 46, 45, 44, 43, 42, 41, 40, 115, 114, 112, 110, 109, 108, 107, 106, 137, 136, 135, 134, 133, 132, 131, 160, 159, 158, 157, 156, 155, 154, 200, 199, 196, 195, 194, 193, 187, 186, 185]",-81.98051948051948,......(((((((((.((((((((((.............)))))))).)).)))...))))))......................((.((((((...........))))).).))....(((((((....)))))))...(((..((((....)))))))....((..(((((((.........))).....))))..)),86,99,-15.575714285714291,-12.41,-9.29,-4.59,10.714285714285708,"[7, 8, 9, 10, 11, 12, 13, 14, 15, 17, 18, 19, 20, 21, 22, 23, 24, 25, 26, 86, 87, 89, 90, 91, 92, 93, 94, 120, 121, 122, 123, 124, 125, 126, 141, 142, 143, 146, 147, 148, 149, 165, 166, 169, 170, 171, 172, 173, 174, 175]","[63, 62, 61, 60, 59, 58, 54, 53, 52, 50, 49, 47, 46, 45, 44, 43, 42, 41, 40, 115, 114, 112, 110, 109, 108, 107, 106, 137, 136, 135, 134, 133, 132, 131, 160, 159, 158, 157, 156, 155, 154, 200, 199, 196, 195, 194, 193, 187, 186, 185]",-81.98051948051948,......(((((((((.((((((((((.............)))))))).)).)))...))))))......................((.((((((...........))))).).))....(((((((....)))))))...(((..((((....)))))))....((..(((((((.........))).....))))..))
2,PA14_66630,99,-9.29,-9.29,0.0,"[7, 8, 9, 10, 11, 12, 13, 14, 15, 17, 18, 19, 20, 21, 22, 23, 24, 25, 26, 86, 87, 89, 90, 91, 92, 93, 94, 120, 121, 122, 123, 124, 125, 126, 141, 142, 143, 146, 147, 148, 149, 165, 166, 169, 170, 171, 172, 173, 174, 175]","[63, 62, 61, 60, 59, 58, 54, 53, 52, 50, 49, 47, 46, 45, 44, 43, 42, 41, 40, 115, 114, 112, 110, 109, 108, 107, 106, 137, 136, 135, 134, 133, 132, 131, 160, 159, 158, 157, 156, 155, 154, 200, 199, 196, 195, 194, 193, 187, 186, 185]",-81.98051948051948,......(((((((((.((((((((((.............)))))))).)).)))...))))))......................((.((((((...........))))).).))....(((((((....)))))))...(((..((((....)))))))....((..(((((((.........))).....))))..)),64,86,-15.506714285714292,-9.68,-12.41,-4.131,10.714285714285708,"[7, 8, 9, 10, 11, 12, 13, 14, 15, 17, 18, 19, 20, 21, 22, 23, 24, 25, 26, 86, 87, 89, 90, 91, 92, 93, 94, 120, 121, 122, 123, 124, 125, 126, 141, 142, 143, 146, 147, 148, 149, 165, 166, 169, 170, 171, 172, 173, 174, 175]","[63, 62, 61, 60, 59, 58, 54, 53, 52, 50, 49, 47, 46, 45, 44, 43, 42, 41, 40, 115, 114, 112, 110, 109, 108, 107, 106, 137, 136, 135, 134, 133, 132, 131, 160, 159, 158, 157, 156, 155, 154, 200, 199, 196, 195, 194, 193, 187, 186, 185]",-81.98051948051948,......(((((((((.((((((((((.............)))))))).)).)))...))))))......................((.((((((...........))))).).))....(((((((....)))))))...(((..((((....)))))))....((..(((((((.........))).....))))..))
3,PA14_66630,95,-9.28,-9.28,0.0,"[7, 8, 9, 10, 11, 12, 13, 14, 15, 17, 18, 19, 20, 21, 22, 23, 24, 25, 26, 86, 87, 89, 90, 91, 92, 93, 94, 120, 121, 122, 123, 124, 125, 126, 141, 142, 143, 146, 147, 148, 149, 165, 166, 169, 170, 171, 172, 173, 174, 175]","[63, 62, 61, 60, 59, 58, 54, 53, 52, 50, 49, 47, 46, 45, 44, 43, 42, 41, 40, 115, 114, 112, 110, 109, 108, 107, 106, 137, 136, 135, 134, 133, 132, 131, 160, 159, 158, 157, 156, 155, 154, 200, 199, 196, 195, 194, 193, 187, 186, 185]",-81.98051948051948,......(((((((((.((((((((((.............)))))))).)).)))...))))))......................((.((((((...........))))).).))....(((((((....)))))))...(((..((((....)))))))....((..(((((((.........))).....))))..)),64,87,-15.47971428571429,-9.68,-12.43,-4.084,10.714285714285708,"[7, 8, 9, 10, 11, 12, 13, 14, 15, 17, 18, 19, 20, 21, 22, 23, 24, 25, 26, 86, 87, 89, 90, 91, 92, 93, 94, 120, 121, 122, 123, 124, 125, 126, 141, 142, 143, 146, 147, 148, 149, 165, 166, 169, 170, 171, 172, 173, 174, 175]","[63, 62, 61, 60, 59, 58, 54, 53, 52, 50, 49, 47, 46, 45, 44, 43, 42, 41, 40, 115, 114, 112, 110, 109, 108, 107, 106, 137, 136, 135, 134, 133, 132, 131, 160, 159, 158, 157, 156, 155, 154, 200, 199, 196, 195, 194, 193, 187, 186, 185]",-81.98051948051948,......(((((((((.((((((((((.............)))))))).)).)))...))))))......................((.((((((...........))))).).))....(((((((....)))))))...(((..((((....)))))))....((..(((((((.........))).....))))..))
4,PA14_66630,100,-9.209999999999999,-9.209999999999999,0.0,"[7, 8, 9, 10, 11, 12, 13, 14, 15, 17, 18, 19, 20, 21, 22, 23, 24, 25, 26, 86, 87, 89, 90, 91, 92, 93, 94, 120, 121, 122, 123, 124, 125, 126, 141, 142, 143, 146, 147, 148, 149, 165, 166, 169, 170, 171, 172, 173, 174, 175]","[63, 62, 61, 60, 59, 58, 54, 53, 52, 50, 49, 47, 46, 45, 44, 43, 42, 41, 40, 115, 114, 112, 110, 109, 108, 107, 106, 137, 136, 135, 134, 133, 132, 131, 160, 159, 158, 157, 156, 155, 154, 200, 199, 196, 195, 194, 193, 187, 186, 185]",-81.98051948051948,......(((((((((.((((((((((.............)))))))).)).)))...))))))......................((.((((((...........))))).).))....(((((((....)))))))...(((..((((....)))))))....((..(((((((.........))).....))))..)),86,100,-14.79536363636364,-12.41,-9.209999999999999,-4.539,11.36363636363636,"[7, 8, 9, 10, 11, 12, 13, 14, 15, 17, 18, 19, 20, 21, 22, 23, 24, 25, 26, 86, 87, 89, 90, 91, 92, 93, 94, 120, 121, 122, 123, 124, 125, 126, 141, 142, 143, 146, 147, 148, 149, 165, 166, 169, 170, 171, 172, 173, 174, 175]","[63, 62, 61, 60, 59, 58, 54, 53, 52, 50, 49, 47, 46, 45, 44, 43, 42, 41, 40, 115, 114, 112, 110, 109, 108, 107, 106, 137, 136, 135, 134, 133, 132, 131, 160, 159, 158, 157, 156, 155, 154, 200, 199, 196, 195, 194, 193, 187, 186, 185]",-81.98051948051948,......(((((((((.((((((((((.............)))))))).)).)))...))))))......................((.((((((...........))))).).))....(((((((....)))))))...(((..((((....)))))))....((..(((((((.........))).....))))..))
5,PA14_66630,80,-9.2,-9.2,0.0,"[7, 8, 9, 10, 11, 12, 13, 14, 15, 17, 18, 19, 20, 21, 22, 23, 24, 25, 26, 86, 87, 89, 90, 91, 92, 93, 94, 120, 121, 122, 123, 124, 125, 126, 141, 142, 143, 146, 147, 148, 149, 165, 166, 169, 170, 171, 172, 173, 174, 175]","[63, 62, 61, 60, 59, 58, 54, 53, 52, 50, 49, 47, 46, 45, 44, 43, 42, 41, 40, 115, 114, 112, 110, 109, 108, 107, 106, 137, 136, 135, 134, 133, 132, 131, 160, 159, 158, 157, 156, 155, 154, 200, 199, 196, 195, 194, 193, 187, 186, 185]",-81.98051948051948,......(((((((((.((((((((((.............)))))))).)).)))...))))))......................((.((((((...........))))).).))....(((((((....)))))))...(((..((((....)))))))....((..(((((((.........))).....))))..)),86,96,-14.498714285714293,-12.41,-8.059999999999999,-4.743,10.714285714285708,"[7, 8, 9, 10, 11, 12, 13, 14, 15, 17, 18, 19, 20, 21, 22, 23, 24, 25, 26, 86, 87, 89, 90, 91, 92, 93, 94, 120, 121, 122, 123, 124, 125, 126, 141, 142, 143, 146, 147, 148, 149, 165, 166, 169, 170, 171, 172, 173, 174, 175]","[63, 62, 61, 60, 59, 58, 54, 53, 52, 50, 49, 47, 46, 45, 44, 43, 42, 41, 40, 115, 114, 112, 110, 109, 108, 107, 106, 137, 136, 135, 134, 133, 132, 131, 160, 159, 158, 157, 156, 155, 154, 200, 199, 196, 195, 194, 193, 187, 186, 185]",-81.98051948051948,......(((((((((.((((((((((.............)))))))).)).)))...))))))......................((.((((((...........))))).).))....(((((((....)))))))...(((..((((....)))))))....((..(((((((.........))).....))))..))
6,PA14_66630,190,-8.770649350649363,-9.42,0.6493506493506374,"[7, 8, 9, 10, 11, 12, 13, 14, 15, 17, 18, 19, 20, 21, 22, 23, 24, 25, 26, 86, 87, 89, 90, 91, 92, 93, 94, 120, 121, 122, 123, 124, 125, 126, 141, 142, 143, 146, 147, 148, 149, 165, 166, 169, 170, 171, 172, 173, 174, 175]","[63, 62, 61, 60, 59, 58, 54, 53, 52, 50, 49, 47, 46, 45, 44, 43, 42, 41, 40, 115, 114, 112, 110, 109, 108, 107, 106, 137, 136, 135, 134, 133, 132, 131, 160, 159, 158, 157, 156, 155, 154, 200, 199, 196, 195, 194, 193, 187, 186, 185]",-81.98051948051948,......(((((((((.((((((((((.............)))))))).)).)))...))))))......................((.((((((...........))))).).))....(((((((....)))))))...(((..((((....)))))))....((..(((((((.........))).....))))..)),87,101,-14.38601298701299,-12.43,-9.43,-4.539,12.012987012987011,"[7, 8, 9, 10, 11, 12, 13, 14, 15, 17, 18, 19, 20, 21, 22, 23, 24, 25, 26, 86, 87, 89, 90, 91, 92, 93, 94, 120, 121, 122, 123, 124, 125, 126, 141, 142, 143, 146, 147, 148, 149, 165, 166, 169, 170, 171, 172, 173, 174, 175]","[63, 62, 61, 60, 59, 58, 54, 53, 52, 50, 49, 47, 46, 45, 44, 43, 42, 41, 40, 115, 114, 112, 110, 109, 108, 107, 106, 137, 136, 135, 134, 133, 132, 131, 160, 159, 158, 157, 156, 155, 154, 200, 199, 196, 195, 194, 193, 187, 186, 185]",-81.98051948051948,......(((((((((.((((((((((.............)))))))).)).)))...))))))......................((.((((((...........))))).).))....(((((((....)))))))...(((..((((....)))))))....((..(((((((.........))).....))))..))
7,PA14_66630,193,-8.550649350649362,-9.2,0.6493506493506374,"[7, 8, 9, 10, 11, 12, 13, 14, 15, 17, 18, 19, 20, 21, 22, 23, 24, 25, 26, 86, 87, 89, 90, 91, 92, 93, 94, 120, 121, 122, 123, 124, 125, 126, 141, 142, 143, 146, 147, 148, 149, 165, 166, 169, 170, 171, 172, 173, 174, 175]","[63, 62, 61, 60, 59, 58, 54, 53, 52, 50, 49, 47, 46, 45, 44, 43, 42, 41, 40, 115, 114, 112, 110, 109, 108, 107, 106, 137, 136, 135, 134, 133, 132, 131, 160, 159, 158, 157, 156, 155, 154, 200, 199, 196, 195, 194, 193, 187, 186, 185]",-81.98051948051948,......(((((((((.((((((((((.............)))))))).)).)))...))))))......................((.((((((...........))))).).))....(((((((....)))))))...(((..((((....)))))))....((..(((((((.........))).....))))..)),86,101,-14.31901298701299,-12.41,-9.43,-4.492,12.012987012987011,"[7, 8, 9, 10, 11, 12, 13, 14, 15, 17, 18, 19, 20, 21, 22, 23, 24, 25, 26, 86, 87, 89, 90, 91, 92, 93, 94, 120, 121, 122, 123, 124, 125, 126, 141, 142, 143, 146, 147, 148, 149, 165, 166, 169, 170, 171, 172, 173, 174, 175]","[63, 62, 61, 60, 59, 58, 54, 53, 52, 50, 49, 47, 46, 45, 44, 43, 42, 41, 40, 115, 114, 112, 110, 109, 108, 107, 106, 137, 136, 135, 134, 133, 132, 131, 160, 159, 158, 157, 156, 155, 154, 200, 199, 196, 195, 194, 193, 187, 186, 185]",-81.98051948051948,......(((((((((.((((((((((.............)))))))).)).)))...))))))......................((.((((((...........))))).).))....(((((((....)))))))...(((..((((....)))))))....((..(((((((.........))).....))))..))
8,PA14_66630,7,-5.479220779220778,-9.7,4.220779220779221,"[7, 8, 9, 10, 11, 12, 13, 14, 15, 17, 18, 19, 20, 21, 22, 23, 24, 25, 26, 86, 87, 89, 90, 91, 92, 93, 94, 120, 121, 122, 123, 124, 125, 126, 141, 142, 143, 146, 147, 148, 149, 165, 166, 169, 170, 171, 172, 173, 174, 175]","[63, 62, 61, 60, 59, 58, 54, 53, 52, 50, 49, 47, 46, 45, 44, 43, 42, 41, 40, 115, 114, 112, 110, 109, 108, 107, 106, 137, 136, 135, 134, 133, 132, 131, 160, 159, 158, 157, 156, 155, 154, 200, 199, 196, 195, 194, 193, 187, 186, 185]",-81.98051948051948,......(((((((((.((((((((((.............)))))))).)).)))...))))))......................((.((((((...........))))).).))....(((((((....)))))))...(((..((((....)))))))....((..(((((((.........))).....))))..)),87,103,-14.228012987012985,-12.43,-9.37,-4.441,12.012987012987011,"[7, 8, 9, 10, 11, 12, 13, 14, 15, 17, 18, 19, 20, 21, 22, 23, 24, 25, 26, 86, 87, 89, 90, 91, 92, 93, 94, 120, 121, 122, 123, 124, 125, 126, 141, 142, 143, 146, 147, 148, 149, 165, 166, 169, 170, 171, 172, 173, 174, 175]","[63, 62, 61, 60, 59, 58, 54, 53, 52, 50, 49, 47, 46, 45, 44, 43, 42, 41, 40, 115, 114, 112, 110, 109, 108, 107, 106, 137, 136, 135, 134, 133, 132, 131, 160, 159, 158, 157, 156, 155, 154, 200, 199, 196, 195, 194, 193, 187, 186, 185]",-81.98051948051948,......(((((((((.((((((((((.............)))))))).)).)))...))))))......................((.((((((...........))))).).))....(((((((....)))))))...(((..((((....)))))))....((..(((((((.........))).....))))..))
9,PA14_66630,101,-4.884545454545467,-9.43,4.5454545454545325,"[7, 8, 9, 10, 11, 12, 13, 14, 15, 17, 18, 19, 20, 21, 22, 23, 24, 25, 26, 86, 87, 89, 90, 91, 92, 93, 94, 120, 121, 122, 123, 124, 125, 126, 141, 142, 143, 146, 147, 148, 149, 165, 166, 169, 170, 171, 172, 173, 174, 175]","[63, 62, 61, 60, 59, 58, 54, 53, 52, 50, 49, 47, 46, 45, 44, 43, 42, 41, 40, 115, 114, 112, 110, 109, 108, 107, 106, 137, 136, 135, 134, 133, 132, 131, 160, 159, 158, 157, 156, 155, 154, 200, 199, 196, 195, 194, 193, 187, 186, 185]",-81.98051948051948,......(((((((((.((((((((((.............)))))))).)).)))...))))))......................((.((((((...........))))).).))....(((((((....)))))))...(((..((((....)))))))....((..(((((((.........))).....))))..)),87,100,-14.217012987012989,-12.43,-9.209999999999999,-4.59,12.012987012987011,"[7, 8, 9, 10, 11, 12, 13, 14, 15, 17, 18, 19, 20, 21, 22, 23, 24, 25, 26, 86, 87, 89, 90, 91, 92, 93, 94, 120, 121, 122, 123, 124, 125, 126, 141, 142, 143, 146, 147, 148, 149, 165, 166, 169, 170, 171, 172, 173, 174, 175]","[63, 62, 61, 60, 59, 58, 54, 53, 52, 50, 49, 47, 46, 45, 44, 43, 42, 41, 40, 115, 114, 112, 110, 109, 108, 107, 106, 137, 136, 135, 134, 133, 132, 131, 160, 159, 158, 157, 156, 155, 154, 200, 199, 196, 195, 194, 193, 187, 186, 185]",-81.98051948051948,......(((((((((.((((((((((.............)))))))).)).)))...))))))......................((.((((((...........))))).).))....(((((((....)))))))...(((..((((....)))))))....((..(((((((.........))).....))))..))
10,PA14_66630,50,-4.502207792207804,-9.209999999999999,4.707792207792195,"[7, 8, 9, 10, 11, 12, 13, 14, 15, 17, 18, 19, 20, 21, 22, 23, 24, 25, 26, 86, 87, 89, 90, 91, 92, 93, 94, 120, 121, 122, 123, 124, 125, 126, 141, 142, 143, 146, 147, 148, 149, 165, 166, 169, 170, 171, 172, 173, 174, 175]","[63, 62, 61, 60, 59, 58, 54, 53, 52, 50, 49, 47, 46, 45, 44, 43, 42, 41, 40, 115, 114, 112, 110, 109, 108, 107, 106, 137, 136, 135, 134, 133, 132, 131, 160, 159, 158, 157, 156, 155, 154, 200, 199, 196, 195, 194, 193, 187, 186, 185]",-81.98051948051948,......(((((((((.((((((((((.............)))))))).)).)))...))))))......................((.((((((...........))))).).))....(((((((....)))))))...(((..((((....)))))))....((..(((((((.........))).....))))..)),86,103,-14.153012987012989,-12.41,-9.37,-4.386,12.012987012987011,"[7, 8, 9, 10, 11, 12, 13, 14, 15, 17, 18, 19, 20, 21, 22, 23, 24, 25, 26, 86, 87, 89, 90, 91, 92, 93, 94, 120, 121, 122, 123, 124, 125, 126, 141, 142, 143, 146, 147, 148, 149, 165, 166, 169, 170, 171, 172, 173, 174, 175]","[63, 62, 61, 60, 59, 58, 54, 53, 52, 50, 49, 47, 46, 45, 44, 43, 42, 41, 40, 115, 114, 112, 110, 109, 108, 107, 106, 137, 136, 135, 134, 133, 132, 131, 160, 159, 158, 157, 156, 155, 154, 200, 199, 196, 195, 194, 193, 187, 186, 185]",-81.98051948051948,......(((((((((.((((((((((.............)))))))).)).)))...))))))......................((.((((((...........))))).).))....(((((((....)))))))...(((..((((....)))))))....((..(((((((.........))).....))))..))
11,PA14_66630,85,-3.463506493506502,-9.47,6.006493506493499,"[7, 8, 9, 10, 11, 12, 13, 14, 15, 17, 18, 19, 20, 21, 22, 23, 24, 25, 26, 86, 87, 89, 90, 91, 92, 93, 94, 120, 121, 122, 123, 124, 125, 126, 141, 142, 143, 146, 147, 148, 149, 165, 166, 169, 170, 171, 172, 173, 174, 175]","[63, 62, 61, 60, 59, 58, 54, 53, 52, 50, 49, 47, 46, 45, 44, 43, 42, 41, 40, 115, 114, 112, 110, 109, 108, 107, 106, 137, 136, 135, 134, 133, 132, 131, 160, 159, 158, 157, 156, 155, 154, 200, 199, 196, 195, 194, 193, 187, 186, 185]",-81.98051948051948,......(((((((((.((((((((((.............)))))))).)).)))...))))))......................((.((((((...........))))).).))....(((((((....)))))))...(((..((((....)))))))....((..(((((((.........))).....))))..)),50,86,-9.618922077922079,-9.209999999999999,-12.41,-3.4210000000000003,15.422077922077918,"[7, 8, 9, 10, 11, 12, 13, 14, 15, 17, 18, 19, 20, 21, 22, 23, 24, 25, 26, 86, 87, 89, 90, 91, 92, 93, 94, 120, 121, 122, 123, 124, 125, 126, 141, 142, 143, 146, 147, 148, 149, 165, 166, 169, 170, 171, 172, 173, 174, 175]","[63, 62, 61, 60, 59, 58, 54, 53, 52, 50, 49, 47, 46, 45, 44, 43, 42, 41, 40, 115, 114, 112, 110, 109, 108, 107, 106, 137, 136, 135, 134, 133, 132, 131, 160, 159, 158, 157, 156, 155, 154, 200, 199, 196, 195, 194, 193, 187, 186, 185]",-81.98051948051948,......(((((((((.((((((((((.............)))))))).)).)))...))))))......................((.((((((...........))))).).))....(((((((....)))))))...(((..((((....)))))))....((..(((((((.........))).....))))..))
12,PA14_66630,103,-2.2271428571428604,-9.37,7.142857142857139,"[7, 8, 9, 10, 11, 12, 13, 14, 15, 17, 18, 19, 20, 21, 22, 23, 24, 25, 26, 86, 87, 89, 90, 91, 92, 93, 94, 120, 121, 122, 123, 124, 125, 126, 141, 142, 143, 146, 147, 148, 149, 165, 166, 169, 170, 171, 172, 173, 174, 175]","[63, 62, 61, 60, 59, 58, 54, 53, 52, 50, 49, 47, 46, 45, 44, 43, 42, 41, 40, 115, 114, 112, 110, 109, 108, 107, 106, 137, 136, 135, 134, 133, 132, 131, 160, 159, 158, 157, 156, 155, 154, 200, 199, 196, 195, 194, 193, 187, 186, 185]",-81.98051948051948,......(((((((((.((((((((((.............)))))))).)).)))...))))))......................((.((((((...........))))).).))....(((((((....)))))))...(((..((((....)))))))....((..(((((((.........))).....))))..)),50,87,-9.583922077922082,-9.209999999999999,-12.43,-3.3659999999999997,15.422077922077918,"[7, 8, 9, 10, 11, 12, 13, 14, 15, 17, 18, 19, 20, 21, 22, 23, 24, 25, 26, 86, 87, 89, 90, 91, 92, 93, 94, 120, 121, 122, 123, 124, 125, 126, 141, 142, 143, 146, 147, 148, 149, 165, 166, 169, 170, 171, 172, 173, 174, 175]","[63, 62, 61, 60, 59, 58, 54, 53, 52, 50, 49, 47, 46, 45, 44, 43, 42, 41, 40, 115, 114, 112, 110, 109, 108, 107, 106, 137, 136, 135, 134, 133, 132, 131, 160, 159, 158, 157, 156, 155, 154, 200, 199, 196, 195, 194, 193, 187, 186, 185]",-81.98051948051948,......(((((((((.((((((((((.............)))))))).)).)))...))))))......................((.((((((...........))))).).))....(((((((....)))))))...(((..((((....)))))))....((..(((((((.........))).....))))..))
13,PA14_66630,87,-1.7157142857142915,-12.43,10.714285714285708,"[7, 8, 9, 10, 11, 12, 13, 14, 15, 17, 18, 19, 20, 21, 22, 23, 24, 25, 26, 86, 87, 89, 90, 91, 92, 93, 94, 120, 121, 122, 123, 124, 125, 126, 141, 142, 143, 146, 147, 148, 149, 165, 166, 169, 170, 171, 172, 173, 174, 175]","[63, 62, 61, 60, 59, 58, 54, 53, 52, 50, 49, 47, 46, 45, 44, 43, 42, 41, 40, 115, 114, 112, 110, 109, 108, 107, 106, 137, 136, 135, 134, 133, 132, 131, 160, 159, 158, 157, 156, 155, 154, 200, 199, 196, 195, 194, 193, 187, 186, 185]",-81.98051948051948,......(((((((((.((((((((((.............)))))))).)).)))...))))))......................((.((((((...........))))).).))....(((((((....)))))))...(((..((((....)))))))....((..(((((((.........))).....))))..)),59,86,-8.816233766233768,-8.76,-12.41,-3.88,16.233766233766232,"[7, 8, 9, 10, 11, 12, 13, 14, 15, 17, 18, 19, 20, 21, 22, 23, 24, 25, 26, 86, 87, 89, 90, 91, 92, 93, 94, 120, 121, 122, 123, 124, 125, 126, 141, 142, 143, 146, 147, 148, 149, 165, 166, 169, 170, 171, 172, 173, 174, 175]","[63, 62, 61, 60, 59, 58, 54, 53, 52, 50, 49, 47, 46, 45, 44, 43, 42, 41, 40, 115, 114, 112, 110, 109, 108, 107, 106, 137, 136, 135, 134, 133, 132, 131, 160, 159, 158, 157, 156, 155, 154, 200, 199, 196, 195, 194, 193, 187, 186, 185]",-81.98051948051948,......(((((((((.((((((((((.............)))))))).)).)))...))))))......................((.((((((...........))))).).))....(((((((....)))))))...(((..((((....)))))))....((..(((((((.........))).....))))..))
14,PA14_66630,86,-1.695714285714292,-12.41,10.714285714285708,"[7, 8, 9, 10, 11, 12, 13, 14, 15, 17, 18, 19, 20, 21, 22, 23, 24, 25, 26, 86, 87, 89, 90, 91, 92, 93, 94, 120, 121, 122, 123, 124, 125, 126, 141, 142, 143, 146, 147, 148, 149, 165, 166, 169, 170, 171, 172, 173, 174, 175]","[63, 62, 61, 60, 59, 58, 54, 53, 52, 50, 49, 47, 46, 45, 44, 43, 42, 41, 40, 115, 114, 112, 110, 109, 108, 107, 106, 137, 136, 135, 134, 133, 132, 131, 160, 159, 158, 157, 156, 155, 154, 200, 199, 196, 195, 194, 193, 187, 186, 185]",-81.98051948051948,......(((((((((.((((((((((.............)))))))).)).)))...))))))......................((.((((((...........))))).).))....(((((((....)))))))...(((..((((....)))))))....((..(((((((.........))).....))))..)),59,87,-8.785233766233766,-8.76,-12.43,-3.8289999999999997,16.233766233766232,"[7, 8, 9, 10, 11, 12, 13, 14, 15, 17, 18, 19, 20, 21, 22, 23, 24, 25, 26, 86, 87, 89, 90, 91, 92, 93, 94, 120, 121, 122, 123, 124, 125, 126, 141, 142, 143, 146, 147, 148, 149, 165, 166, 169, 170, 171, 172, 173, 174, 175]","[63, 62, 61, 60, 59, 58, 54, 53, 52, 50, 49, 47, 46, 45, 44, 43, 42, 41, 40, 115, 114, 112, 110, 109, 108, 107, 106, 137, 136, 135, 134, 133, 132, 131, 160, 159, 158, 157, 156, 155, 154, 200, 199, 196, 195, 194, 193, 187, 186, 185]",-81.98051948051948,......(((((((((.((((((((((.............)))))))).)).)))...))))))......................((.((((((...........))))).).))....(((((((....)))))))...(((..((((....)))))))....((..(((((((.........))).....))))..))
0,PA14_66640,87,-12.62,-12.62,0.0,"[1, 2, 3, 4, 5, 6, 7, 9, 10, 12, 31, 32, 33, 34, 35, 36, 47, 48, 49, 51, 52, 53, 54, 83, 84, 85, 86, 87, 88, 105, 107, 108, 111, 112, 113, 114, 135, 136, 137, 138, 139, 140, 141, 143, 144, 169, 170, 171, 172, 174, 175, 176, 177, 178, 179, 180, 181]","[29, 28, 27, 26, 24, 23, 22, 20, 19, 17, 79, 78, 77, 76, 75, 74, 70, 69, 68, 65, 64, 63, 62, 134, 133, 132, 131, 130, 129, 128, 126, 125, 122, 121, 120, 119, 159, 158, 157, 156, 155, 154, 153, 151, 150, 200, 199, 198, 197, 194, 193, 192, 190, 189, 188, 187, 186]",-92.53246753246754,(((((((.((.(....).)).))).)))).((((((..........(((.((((.......))))..)))...))))))...((((((................(.((..((((....))))..)).)))))))(((((((.((.....)).))))))).........((((.((((((((....))))).)))..)))),75,87,-28.51629870129871,-12.549999999999999,-12.62,-4.645,1.298701298701289,"[1, 2, 3, 4, 5, 6, 7, 9, 10, 12, 31, 32, 33, 34, 35, 36, 47, 48, 49, 51, 52, 53, 54, 83, 84, 85, 86, 87, 88, 105, 107, 108, 111, 112, 113, 114, 135, 136, 137, 138, 139, 140, 141, 143, 144, 169, 170, 171, 172, 174, 175, 176, 177, 178, 179, 180, 181]","[29, 28, 27, 26, 24, 23, 22, 20, 19, 17, 79, 78, 77, 76, 75, 74, 70, 69, 68, 65, 64, 63, 62, 134, 133, 132, 131, 130, 129, 128, 126, 125, 122, 121, 120, 119, 159, 158, 157, 156, 155, 154, 153, 151, 150, 200, 199, 198, 197, 194, 193, 192, 190, 189, 188, 187, 186]",-92.53246753246754,(((((((.((.(....).)).))).)))).((((((..........(((.((((.......))))..)))...))))))...((((((................(.((..((((....))))..)).)))))))(((((((.((.....)).))))))).........((((.((((((((....))))).)))..))))
1,PA14_66640,75,-12.06298701298701,-12.549999999999999,0.4870129870129887,"[1, 2, 3, 4, 5, 6, 7, 9, 10, 12, 31, 32, 33, 34, 35, 36, 47, 48, 49, 51, 52, 53, 54, 83, 84, 85, 86, 87, 88, 105, 107, 108, 111, 112, 113, 114, 135, 136, 137, 138, 139, 140, 141, 143, 144, 169, 170, 171, 172, 174, 175, 176, 177, 178, 179, 180, 181]","[29, 28, 27, 26, 24, 23, 22, 20, 19, 17, 79, 78, 77, 76, 75, 74, 70, 69, 68, 65, 64, 63, 62, 134, 133, 132, 131, 130, 129, 128, 126, 125, 122, 121, 120, 119, 159, 158, 157, 156, 155, 154, 153, 151, 150, 200, 199, 198, 197, 194, 193, 192, 190, 189, 188, 187, 186]",-92.53246753246754,(((((((.((.(....).)).))).)))).((((((..........(((.((((.......))))..)))...))))))...((((((................(.((..((((....))))..)).)))))))(((((((.((.....)).))))))).........((((.((((((((....))))).)))..)))),56,75,-26.25098701298701,-9.9,-12.549999999999999,-4.288,0.4870129870129887,"[1, 2, 3, 4, 5, 6, 7, 9, 10, 12, 31, 32, 33, 34, 35, 36, 47, 48, 49, 51, 52, 53, 54, 83, 84, 85, 86, 87, 88, 105, 107, 108, 111, 112, 113, 114, 135, 136, 137, 138, 139, 140, 141, 143, 144, 169, 170, 171, 172, 174, 175, 176, 177, 178, 179, 180, 181]","[29, 28, 27, 26, 24, 23, 22, 20, 19, 17, 79, 78, 77, 76, 75, 74, 70, 69, 68, 65, 64, 63, 62, 134, 133, 132, 131, 130, 129, 128, 126, 125, 122, 121, 120, 119, 159, 158, 157, 156, 155, 154, 153, 151, 150, 200, 199, 198, 197, 194, 193, 192, 190, 189, 188, 187, 186]",-92.53246753246754,(((((((.((.(....).)).))).)))).((((((..........(((.((((.......))))..)))...))))))...((((((................(.((..((((....))))..)).)))))))(((((((.((.....)).))))))).........((((.((((((((....))))).)))..))))
2,PA14_66640,118,-10.57298701298701,-11.059999999999999,0.4870129870129887,"[1, 2, 3, 4, 5, 6, 7, 9, 10, 12, 31, 32, 33, 34, 35, 36, 47, 48, 49, 51, 52, 53, 54, 83, 84, 85, 86, 87, 88, 105, 107, 108, 111, 112, 113, 114, 135, 136, 137, 138, 139, 140, 141, 143, 144, 169, 170, 171, 172, 174, 175, 176, 177, 178, 179, 180, 181]","[29, 28, 27, 26, 24, 23, 22, 20, 19, 17, 79, 78, 77, 76, 75, 74, 70, 69, 68, 65, 64, 63, 62, 134, 133, 132, 131, 130, 129, 128, 126, 125, 122, 121, 120, 119, 159, 158, 157, 156, 155, 154, 153, 151, 150, 200, 199, 198, 197, 194, 193, 192, 190, 189, 188, 187, 186]",-92.53246753246754,(((((((.((.(....).)).))).)))).((((((..........(((.((((.......))))..)))...))))))...((((((................(.((..((((....))))..)).)))))))(((((((.((.....)).))))))).........((((.((((((((....))))).)))..)))),75,94,-26.03098701298701,-12.549999999999999,-9.68,-4.288,0.4870129870129887,"[1, 2, 3, 4, 5, 6, 7, 9, 10, 12, 31, 32, 33, 34, 35, 36, 47, 48, 49, 51, 52, 53, 54, 83, 84, 85, 86, 87, 88, 105, 107, 108, 111, 112, 113, 114, 135, 136, 137, 138, 139, 140, 141, 143, 144, 169, 170, 171, 172, 174, 175, 176, 177, 178, 179, 180, 181]","[29, 28, 27, 26, 24, 23, 22, 20, 19, 17, 79, 78, 77, 76, 75, 74, 70, 69, 68, 65, 64, 63, 62, 134, 133, 132, 131, 130, 129, 128, 126, 125, 122, 121, 120, 119, 159, 158, 157, 156, 155, 154, 153, 151, 150, 200, 199, 198, 197, 194, 193, 192, 190, 189, 188, 187, 186]",-92.53246753246754,(((((((.((.(....).)).))).)))).((((((..........(((.((((.......))))..)))...))))))...((((((................(.((..((((....))))..)).)))))))(((((((.((.....)).))))))).........((((.((((((((....))))).)))..))))
3,PA14_66640,56,-9.9,-9.9,0.0,"[1, 2, 3, 4, 5, 6, 7, 9, 10, 12, 31, 32, 33, 34, 35, 36, 47, 48, 49, 51, 52, 53, 54, 83, 84, 85, 86, 87, 88, 105, 107, 108, 111, 112, 113, 114, 135, 136, 137, 138, 139, 140, 141, 143, 144, 169, 170, 171, 172, 174, 175, 176, 177, 178, 179, 180, 181]","[29, 28, 27, 26, 24, 23, 22, 20, 19, 17, 79, 78, 77, 76, 75, 74, 70, 69, 68, 65, 64, 63, 62, 134, 133, 132, 131, 130, 129, 128, 126, 125, 122, 121, 120, 119, 159, 158, 157, 156, 155, 154, 153, 151, 150, 200, 199, 198, 197, 194, 193, 192, 190, 189, 188, 187, 186]",-92.53246753246754,(((((((.((.(....).)).))).)))).((((((..........(((.((((.......))))..)))...))))))...((((((................(.((..((((....))))..)).)))))))(((((((.((.....)).))))))).........((((.((((((((....))))).)))..)))),77,87,-24.3026103896104,-9.05,-12.62,-4.743,2.1103896103896034,"[1, 2, 3, 4, 5, 6, 7, 9, 10, 12, 31, 32, 33, 34, 35, 36, 47, 48, 49, 51, 52, 53, 54, 83, 84, 85, 86, 87, 88, 105, 107, 108, 111, 112, 113, 114, 135, 136, 137, 138, 139, 140, 141, 143, 144, 169, 170, 171, 172, 174, 175, 176, 177, 178, 179, 180, 181]","[29, 28, 27, 26, 24, 23, 22, 20, 19, 17, 79, 78, 77, 76, 75, 74, 70, 69, 68, 65, 64, 63, 62, 134, 133, 132, 131, 130, 129, 128, 126, 125, 122, 121, 120, 119, 159, 158, 157, 156, 155, 154, 153, 151, 150, 200, 199, 198, 197, 194, 193, 192, 190, 189, 188, 187, 186]",-92.53246753246754,(((((((.((.(....).)).))).)))).((((((..........(((.((((.......))))..)))...))))))...((((((................(.((..((((....))))..)).)))))))(((((((.((.....)).))))))).........((((.((((((((....))))).)))..))))
4,PA14_66640,37,-9.879999999999999,-9.879999999999999,0.0,"[1, 2, 3, 4, 5, 6, 7, 9, 10, 12, 31, 32, 33, 34, 35, 36, 47, 48, 49, 51, 52, 53, 54, 83, 84, 85, 86, 87, 88, 105, 107, 108, 111, 112, 113, 114, 135, 136, 137, 138, 139, 140, 141, 143, 144, 169, 170, 171, 172, 174, 175, 176, 177, 178, 179, 180, 181]","[29, 28, 27, 26, 24, 23, 22, 20, 19, 17, 79, 78, 77, 76, 75, 74, 70, 69, 68, 65, 64, 63, 62, 134, 133, 132, 131, 130, 129, 128, 126, 125, 122, 121, 120, 119, 159, 158, 157, 156, 155, 154, 153, 151, 150, 200, 199, 198, 197, 194, 193, 192, 190, 189, 188, 187, 186]",-92.53246753246754,(((((((.((.(....).)).))).)))).((((((..........(((.((((.......))))..)))...))))))...((((((................(.((..((((....))))..)).)))))))(((((((.((.....)).))))))).........((((.((((((((....))))).)))..)))),75,118,-23.75192207792208,-12.549999999999999,-11.059999999999999,-3.064,2.922077922077918,"[1, 2, 3, 4, 5, 6, 7, 9, 10, 12, 31, 32, 33, 34, 35, 36, 47, 48, 49, 51, 52, 53, 54, 83, 84, 85, 86, 87, 88, 105, 107, 108, 111, 112, 113, 114, 135, 136, 137, 138, 139, 140, 141, 143, 144, 169, 170, 171, 172, 174, 175, 176, 177, 178, 179, 180, 181]","[29, 28, 27, 26, 24, 23, 22, 20, 19, 17, 79, 78, 77, 76, 75, 74, 70, 69, 68, 65, 64, 63, 62, 134, 133, 132, 131, 130, 129, 128, 126, 125, 122, 121, 120, 119, 159, 158, 157, 156, 155, 154, 153, 151, 150, 200, 199, 198, 197, 194, 193, 192, 190, 189, 188, 187, 186]",-92.53246753246754,(((((((.((.(....).)).))).)))).((((((..........(((.((((.......))))..)))...))))))...((((((................(.((..((((....))))..)).)))))))(((((((.((.....)).))))))).........((((.((((((((....))))).)))..))))
5,PA14_66640,94,-9.68,-9.68,0.0,"[1, 2, 3, 4, 5, 6, 7, 9, 10, 12, 31, 32, 33, 34, 35, 36, 47, 48, 49, 51, 52, 53, 54, 83, 84, 85, 86, 87, 88, 105, 107, 108, 111, 112, 113, 114, 135, 136, 137, 138, 139, 140, 141, 143, 144, 169, 170, 171, 172, 174, 175, 176, 177, 178, 179, 180, 181]","[29, 28, 27, 26, 24, 23, 22, 20, 19, 17, 79, 78, 77, 76, 75, 74, 70, 69, 68, 65, 64, 63, 62, 134, 133, 132, 131, 130, 129, 128, 126, 125, 122, 121, 120, 119, 159, 158, 157, 156, 155, 154, 153, 151, 150, 200, 199, 198, 197, 194, 193, 192, 190, 189, 188, 187, 186]",-92.53246753246754,(((((((.((.(....).)).))).)))).((((((..........(((.((((.......))))..)))...))))))...((((((................(.((..((((....))))..)).)))))))(((((((.((.....)).))))))).........((((.((((((((....))))).)))..)))),76,87,-23.555220779220775,-10.459999999999999,-12.62,-4.696,4.220779220779221,"[1, 2, 3, 4, 5, 6, 7, 9, 10, 12, 31, 32, 33, 34, 35, 36, 47, 48, 49, 51, 52, 53, 54, 83, 84, 85, 86, 87, 88, 105, 107, 108, 111, 112, 113, 114, 135, 136, 137, 138, 139, 140, 141, 143, 144, 169, 170, 171, 172, 174, 175, 176, 177, 178, 179, 180, 181]","[29, 28, 27, 26, 24, 23, 22, 20, 19, 17, 79, 78, 77, 76, 75, 74, 70, 69, 68, 65, 64, 63, 62, 134, 133, 132, 131, 130, 129, 128, 126, 125, 122, 121, 120, 119, 159, 158, 157, 156, 155, 154, 153, 151, 150, 200, 199, 198, 197, 194, 193, 192, 190, 189, 188, 187, 186]",-92.53246753246754,(((((((.((.(....).)).))).)))).((((((..........(((.((((.......))))..)))...))))))...((((((................(.((..((((....))))..)).)))))))(((((((.((.....)).))))))).........((((.((((((((....))))).)))..))))
6,PA14_66640,2,-7.546233766233767,-11.28,3.7337662337662323,"[1, 2, 3, 4, 5, 6, 7, 9, 10, 12, 31, 32, 33, 34, 35, 36, 47, 48, 49, 51, 52, 53, 54, 83, 84, 85, 86, 87, 88, 105, 107, 108, 111, 112, 113, 114, 135, 136, 137, 138, 139, 140, 141, 143, 144, 169, 170, 171, 172, 174, 175, 176, 177, 178, 179, 180, 181]","[29, 28, 27, 26, 24, 23, 22, 20, 19, 17, 79, 78, 77, 76, 75, 74, 70, 69, 68, 65, 64, 63, 62, 134, 133, 132, 131, 130, 129, 128, 126, 125, 122, 121, 120, 119, 159, 158, 157, 156, 155, 154, 153, 151, 150, 200, 199, 198, 197, 194, 193, 192, 190, 189, 188, 187, 186]",-92.53246753246754,(((((((.((.(....).)).))).)))).((((((..........(((.((((.......))))..)))...))))))...((((((................(.((..((((....))))..)).)))))))(((((((.((.....)).))))))).........((((.((((((((....))))).)))..)))),87,99,-23.470584415584415,-12.62,-9.29,-4.645,3.0844155844155807,"[1, 2, 3, 4, 5, 6, 7, 9, 10, 12, 31, 32, 33, 34, 35, 36, 47, 48, 49, 51, 52, 53, 54, 83, 84, 85, 86, 87, 88, 105, 107, 108, 111, 112, 113, 114, 135, 136, 137, 138, 139, 140, 141, 143, 144, 169, 170, 171, 172, 174, 175, 176, 177, 178, 179, 180, 181]","[29, 28, 27, 26, 24, 23, 22, 20, 19, 17, 79, 78, 77, 76, 75, 74, 70, 69, 68, 65, 64, 63, 62, 134, 133, 132, 131, 130, 129, 128, 126, 125, 122, 121, 120, 119, 159, 158, 157, 156, 155, 154, 153, 151, 150, 200, 199, 198, 197, 194, 193, 192, 190, 189, 188, 187, 186]",-92.53246753246754,(((((((.((.(....).)).))).)))).((((((..........(((.((((.......))))..)))...))))))...((((((................(.((..((((....))))..)).)))))))(((((((.((.....)).))))))).........((((.((((((((....))))).)))..))))
7,PA14_66640,53,-7.243896103896104,-11.139999999999999,3.896103896103895,"[1, 2, 3, 4, 5, 6, 7, 9, 10, 12, 31, 32, 33, 34, 35, 36, 47, 48, 49, 51, 52, 53, 54, 83, 84, 85, 86, 87, 88, 105, 107, 108, 111, 112, 113, 114, 135, 136, 137, 138, 139, 140, 141, 143, 144, 169, 170, 171, 172, 174, 175, 176, 177, 178, 179, 180, 181]","[29, 28, 27, 26, 24, 23, 22, 20, 19, 17, 79, 78, 77, 76, 75, 74, 70, 69, 68, 65, 64, 63, 62, 134, 133, 132, 131, 130, 129, 128, 126, 125, 122, 121, 120, 119, 159, 158, 157, 156, 155, 154, 153, 151, 150, 200, 199, 198, 197, 194, 193, 192, 190, 189, 188, 187, 186]",-92.53246753246754,(((((((.((.(....).)).))).)))).((((((..........(((.((((.......))))..)))...))))))...((((((................(.((..((((....))))..)).)))))))(((((((.((.....)).))))))).........((((.((((((((....))))).)))..)))),53,75,-23.437883116883114,-11.139999999999999,-12.549999999999999,-4.131,4.383116883116884,"[1, 2, 3, 4, 5, 6, 7, 9, 10, 12, 31, 32, 33, 34, 35, 36, 47, 48, 49, 51, 52, 53, 54, 83, 84, 85, 86, 87, 88, 105, 107, 108, 111, 112, 113, 114, 135, 136, 137, 138, 139, 140, 141, 143, 144, 169, 170, 171, 172, 174, 175, 176, 177, 178, 179, 180, 181]","[29, 28, 27, 26, 24, 23, 22, 20, 19, 17, 79, 78, 77, 76, 75, 74, 70, 69, 68, 65, 64, 63, 62, 134, 133, 132, 131, 130, 129, 128, 126, 125, 122, 121, 120, 119, 159, 158, 157, 156, 155, 154, 153, 151, 150, 200, 199, 198, 197, 194, 193, 192, 190, 189, 188, 187, 186]",-92.53246753246754,(((((((.((.(....).)).))).)))).((((((..........(((.((((.......))))..)))...))))))...((((((................(.((..((((....))))..)).)))))))(((((((.((.....)).))))))).........((((.((((((((....))))).)))..))))
8,PA14_66640,65,-6.531558441558442,-10.59,4.058441558441558,"[1, 2, 3, 4, 5, 6, 7, 9, 10, 12, 31, 32, 33, 34, 35, 36, 47, 48, 49, 51, 52, 53, 54, 83, 84, 85, 86, 87, 88, 105, 107, 108, 111, 112, 113, 114, 135, 136, 137, 138, 139, 140, 141, 143, 144, 169, 170, 171, 172, 174, 175, 176, 177, 178, 179, 180, 181]","[29, 28, 27, 26, 24, 23, 22, 20, 19, 17, 79, 78, 77, 76, 75, 74, 70, 69, 68, 65, 64, 63, 62, 134, 133, 132, 131, 130, 129, 128, 126, 125, 122, 121, 120, 119, 159, 158, 157, 156, 155, 154, 153, 151, 150, 200, 199, 198, 197, 194, 193, 192, 190, 189, 188, 187, 186]",-92.53246753246754,(((((((.((.(....).)).))).)))).((((((..........(((.((((.......))))..)))...))))))...((((((................(.((..((((....))))..)).)))))))(((((((.((.....)).))))))).........((((.((((((((....))))).)))..)))),53,87,-23.3828961038961,-11.139999999999999,-12.62,-3.519,3.896103896103895,"[1, 2, 3, 4, 5, 6, 7, 9, 10, 12, 31, 32, 33, 34, 35, 36, 47, 48, 49, 51, 52, 53, 54, 83, 84, 85, 86, 87, 88, 105, 107, 108, 111, 112, 113, 114, 135, 136, 137, 138, 139, 140, 141, 143, 144, 169, 170, 171, 172, 174, 175, 176, 177, 178, 179, 180, 181]","[29, 28, 27, 26, 24, 23, 22, 20, 19, 17, 79, 78, 77, 76, 75, 74, 70, 69, 68, 65, 64, 63, 62, 134, 133, 132, 131, 130, 129, 128, 126, 125, 122, 121, 120, 119, 159, 158, 157, 156, 155, 154, 153, 151, 150, 200, 199, 198, 197, 194, 193, 192, 190, 189, 188, 187, 186]",-92.53246753246754,(((((((.((.(....).)).))).)))).((((((..........(((.((((.......))))..)))...))))))...((((((................(.((..((((....))))..)).)))))))(((((((.((.....)).))))))).........((((.((((((((....))))).)))..))))
9,PA14_66640,76,-6.239220779220778,-10.459999999999999,4.220779220779221,"[1, 2, 3, 4, 5, 6, 7, 9, 10, 12, 31, 32, 33, 34, 35, 36, 47, 48, 49, 51, 52, 53, 54, 83, 84, 85, 86, 87, 88, 105, 107, 108, 111, 112, 113, 114, 135, 136, 137, 138, 139, 140, 141, 143, 144, 169, 170, 171, 172, 174, 175, 176, 177, 178, 179, 180, 181]","[29, 28, 27, 26, 24, 23, 22, 20, 19, 17, 79, 78, 77, 76, 75, 74, 70, 69, 68, 65, 64, 63, 62, 134, 133, 132, 131, 130, 129, 128, 126, 125, 122, 121, 120, 119, 159, 158, 157, 156, 155, 154, 153, 151, 150, 200, 199, 198, 197, 194, 193, 192, 190, 189, 188, 187, 186]",-92.53246753246754,(((((((.((.(....).)).))).)))).((((((..........(((.((((.......))))..)))...))))))...((((((................(.((..((((....))))..)).)))))))(((((((.((.....)).))))))).........((((.((((((((....))))).)))..)))),87,100,-23.173246753246755,-12.62,-9.209999999999999,-4.59,3.2467532467532436,"[1, 2, 3, 4, 5, 6, 7, 9, 10, 12, 31, 32, 33, 34, 35, 36, 47, 48, 49, 51, 52, 53, 54, 83, 84, 85, 86, 87, 88, 105, 107, 108, 111, 112, 113, 114, 135, 136, 137, 138, 139, 140, 141, 143, 144, 169, 170, 171, 172, 174, 175, 176, 177, 178, 179, 180, 181]","[29, 28, 27, 26, 24, 23, 22, 20, 19, 17, 79, 78, 77, 76, 75, 74, 70, 69, 68, 65, 64, 63, 62, 134, 133, 132, 131, 130, 129, 128, 126, 125, 122, 121, 120, 119, 159, 158, 157, 156, 155, 154, 153, 151, 150, 200, 199, 198, 197, 194, 193, 192, 190, 189, 188, 187, 186]",-92.53246753246754,(((((((.((.(....).)).))).)))).((((((..........(((.((((.......))))..)))...))))))...((((((................(.((..((((....))))..)).)))))))(((((((.((.....)).))))))).........((((.((((((((....))))).)))..))))
10,PA14_66640,190,-4.66584415584415,-10.51,5.84415584415585,"[1, 2, 3, 4, 5, 6, 7, 9, 10, 12, 31, 32, 33, 34, 35, 36, 47, 48, 49, 51, 52, 53, 54, 83, 84, 85, 86, 87, 88, 105, 107, 108, 111, 112, 113, 114, 135, 136, 137, 138, 139, 140, 141, 143, 144, 169, 170, 171, 172, 174, 175, 176, 177, 178, 179, 180, 181]","[29, 28, 27, 26, 24, 23, 22, 20, 19, 17, 79, 78, 77, 76, 75, 74, 70, 69, 68, 65, 64, 63, 62, 134, 133, 132, 131, 130, 129, 128, 126, 125, 122, 121, 120, 119, 159, 158, 157, 156, 155, 154, 153, 151, 150, 200, 199, 198, 197, 194, 193, 192, 190, 189, 188, 187, 186]",-92.53246753246754,(((((((.((.(....).)).))).)))).((((((..........(((.((((.......))))..)))...))))))...((((((................(.((..((((....))))..)).)))))))(((((((.((.....)).))))))).........((((.((((((((....))))).)))..)))),87,118,-21.836519480519478,-12.62,-11.059999999999999,-3.676,5.519480519480524,"[1, 2, 3, 4, 5, 6, 7, 9, 10, 12, 31, 32, 33, 34, 35, 36, 47, 48, 49, 51, 52, 53, 54, 83, 84, 85, 86, 87, 88, 105, 107, 108, 111, 112, 113, 114, 135, 136, 137, 138, 139, 140, 141, 143, 144, 169, 170, 171, 172, 174, 175, 176, 177, 178, 179, 180, 181]","[29, 28, 27, 26, 24, 23, 22, 20, 19, 17, 79, 78, 77, 76, 75, 74, 70, 69, 68, 65, 64, 63, 62, 134, 133, 132, 131, 130, 129, 128, 126, 125, 122, 121, 120, 119, 159, 158, 157, 156, 155, 154, 153, 151, 150, 200, 199, 198, 197, 194, 193, 192, 190, 189, 188, 187, 186]",-92.53246753246754,(((((((.((.(....).)).))).)))).((((((..........(((.((((.......))))..)))...))))))...((((((................(.((..((((....))))..)).)))))))(((((((.((.....)).))))))).........((((.((((((((....))))).)))..))))
11,PA14_66640,86,-4.599870129870128,-9.47,4.8701298701298725,"[1, 2, 3, 4, 5, 6, 7, 9, 10, 12, 31, 32, 33, 34, 35, 36, 47, 48, 49, 51, 52, 53, 54, 83, 84, 85, 86, 87, 88, 105, 107, 108, 111, 112, 113, 114, 135, 136, 137, 138, 139, 140, 141, 143, 144, 169, 170, 171, 172, 174, 175, 176, 177, 178, 179, 180, 181]","[29, 28, 27, 26, 24, 23, 22, 20, 19, 17, 79, 78, 77, 76, 75, 74, 70, 69, 68, 65, 64, 63, 62, 134, 133, 132, 131, 130, 129, 128, 126, 125, 122, 121, 120, 119, 159, 158, 157, 156, 155, 154, 153, 151, 150, 200, 199, 198, 197, 194, 193, 192, 190, 189, 188, 187, 186]",-92.53246753246754,(((((((.((.(....).)).))).)))).((((((..........(((.((((.......))))..)))...))))))...((((((................(.((..((((....))))..)).)))))))(((((((.((.....)).))))))).........((((.((((((((....))))).)))..)))),65,87,-21.659181818181814,-10.59,-12.62,-4.131,5.681818181818187,"[1, 2, 3, 4, 5, 6, 7, 9, 10, 12, 31, 32, 33, 34, 35, 36, 47, 48, 49, 51, 52, 53, 54, 83, 84, 85, 86, 87, 88, 105, 107, 108, 111, 112, 113, 114, 135, 136, 137, 138, 139, 140, 141, 143, 144, 169, 170, 171, 172, 174, 175, 176, 177, 178, 179, 180, 181]","[29, 28, 27, 26, 24, 23, 22, 20, 19, 17, 79, 78, 77, 76, 75, 74, 70, 69, 68, 65, 64, 63, 62, 134, 133, 132, 131, 130, 129, 128, 126, 125, 122, 121, 120, 119, 159, 158, 157, 156, 155, 154, 153, 151, 150, 200, 199, 198, 197, 194, 193, 192, 190, 189, 188, 187, 186]",-92.53246753246754,(((((((.((.(....).)).))).)))).((((((..........(((.((((.......))))..)))...))))))...((((((................(.((..((((....))))..)).)))))))(((((((.((.....)).))))))).........((((.((((((((....))))).)))..))))
12,PA14_66640,52,-4.457532467532465,-9.49,5.032467532467535,"[1, 2, 3, 4, 5, 6, 7, 9, 10, 12, 31, 32, 33, 34, 35, 36, 47, 48, 49, 51, 52, 53, 54, 83, 84, 85, 86, 87, 88, 105, 107, 108, 111, 112, 113, 114, 135, 136, 137, 138, 139, 140, 141, 143, 144, 169, 170, 171, 172, 174, 175, 176, 177, 178, 179, 180, 181]","[29, 28, 27, 26, 24, 23, 22, 20, 19, 17, 79, 78, 77, 76, 75, 74, 70, 69, 68, 65, 64, 63, 62, 134, 133, 132, 131, 130, 129, 128, 126, 125, 122, 121, 120, 119, 159, 158, 157, 156, 155, 154, 153, 151, 150, 200, 199, 198, 197, 194, 193, 192, 190, 189, 188, 187, 186]",-92.53246753246754,(((((((.((.(....).)).))).)))).((((((..........(((.((((.......))))..)))...))))))...((((((................(.((..((((....))))..)).)))))))(((((((.((.....)).))))))).........((((.((((((((....))))).)))..)))),75,86,-20.54716883116884,-12.549999999999999,-9.47,-4.696,6.1688311688311614,"[1, 2, 3, 4, 5, 6, 7, 9, 10, 12, 31, 32, 33, 34, 35, 36, 47, 48, 49, 51, 52, 53, 54, 83, 84, 85, 86, 87, 88, 105, 107, 108, 111, 112, 113, 114, 135, 136, 137, 138, 139, 140, 141, 143, 144, 169, 170, 171, 172, 174, 175, 176, 177, 178, 179, 180, 181]","[29, 28, 27, 26, 24, 23, 22, 20, 19, 17, 79, 78, 77, 76, 75, 74, 70, 69, 68, 65, 64, 63, 62, 134, 133, 132, 131, 130, 129, 128, 126, 125, 122, 121, 120, 119, 159, 158, 157, 156, 155, 154, 153, 151, 150, 200, 199, 198, 197, 194, 193, 192, 190, 189, 188, 187, 186]",-92.53246753246754,(((((((.((.(....).)).))).)))).((((((..........(((.((((.......))))..)))...))))))...((((((................(.((..((((....))))..)).)))))))(((((((.((.....)).))))))).........((((.((((((((....))))).)))..))))
13,PA14_66640,64,-2.4894805194805247,-9.47,6.980519480519476,"[1, 2, 3, 4, 5, 6, 7, 9, 10, 12, 31, 32, 33, 34, 35, 36, 47, 48, 49, 51, 52, 53, 54, 83, 84, 85, 86, 87, 88, 105, 107, 108, 111, 112, 113, 114, 135, 136, 137, 138, 139, 140, 141, 143, 144, 169, 170, 171, 172, 174, 175, 176, 177, 178, 179, 180, 181]","[29, 28, 27, 26, 24, 23, 22, 20, 19, 17, 79, 78, 77, 76, 75, 74, 70, 69, 68, 65, 64, 63, 62, 134, 133, 132, 131, 130, 129, 128, 126, 125, 122, 121, 120, 119, 159, 158, 157, 156, 155, 154, 153, 151, 150, 200, 199, 198, 197, 194, 193, 192, 190, 189, 188, 187, 186]",-92.53246753246754,(((((((.((.(....).)).))).)))).((((((..........(((.((((.......))))..)))...))))))...((((((................(.((..((((....))))..)).)))))))(((((((.((.....)).))))))).........((((.((((((((....))))).)))..)))),65,75,-19.44144155844156,-10.59,-12.549999999999999,-4.743,8.441558441558442,"[1, 2, 3, 4, 5, 6, 7, 9, 10, 12, 31, 32, 33, 34, 35, 36, 47, 48, 49, 51, 52, 53, 54, 83, 84, 85, 86, 87, 88, 105, 107, 108, 111, 112, 113, 114, 135, 136, 137, 138, 139, 140, 141, 143, 144, 169, 170, 171, 172, 174, 175, 176, 177, 178, 179, 180, 181]","[29, 28, 27, 26, 24, 23, 22, 20, 19, 17, 79, 78, 77, 76, 75, 74, 70, 69, 68, 65, 64, 63, 62, 134, 133, 132, 131, 130, 129, 128, 126, 125, 122, 121, 120, 119, 159, 158, 157, 156, 155, 154, 153, 151, 150, 200, 199, 198, 197, 194, 193, 192, 190, 189, 188, 187, 186]",-92.53246753246754,(((((((.((.(....).)).))).)))).((((((..........(((.((((.......))))..)))...))))))...((((((................(.((..((((....))))..)).)))))))(((((((.((.....)).))))))).........((((.((((((((....))))).)))..))))
14,PA14_66640,132,-1.076103896103895,-9.68,8.603896103896105,"[1, 2, 3, 4, 5, 6, 7, 9, 10, 12, 31, 32, 33, 34, 35, 36, 47, 48, 49, 51, 52, 53, 54, 83, 84, 85, 86, 87, 88, 105, 107, 108, 111, 112, 113, 114, 135, 136, 137, 138, 139, 140, 141, 143, 144, 169, 170, 171, 172, 174, 175, 176, 177, 178, 179, 180, 181]","[29, 28, 27, 26, 24, 23, 22, 20, 19, 17, 79, 78, 77, 76, 75, 74, 70, 69, 68, 65, 64, 63, 62, 134, 133, 132, 131, 130, 129, 128, 126, 125, 122, 121, 120, 119, 159, 158, 157, 156, 155, 154, 153, 151, 150, 200, 199, 198, 197, 194, 193, 192, 190, 189, 188, 187, 186]",-92.53246753246754,(((((((.((.(....).)).))).)))).((((((..........(((.((((.......))))..)))...))))))...((((((................(.((..((((....))))..)).)))))))(((((((.((.....)).))))))).........((((.((((((((....))))).)))..)))),64,75,-18.27444155844156,-9.47,-12.549999999999999,-4.696,8.441558441558442,"[1, 2, 3, 4, 5, 6, 7, 9, 10, 12, 31, 32, 33, 34, 35, 36, 47, 48, 49, 51, 52, 53, 54, 83, 84, 85, 86, 87, 88, 105, 107, 108, 111, 112, 113, 114, 135, 136, 137, 138, 139, 140, 141, 143, 144, 169, 170, 171, 172, 174, 175, 176, 177, 178, 179, 180, 181]","[29, 28, 27, 26, 24, 23, 22, 20, 19, 17, 79, 78, 77, 76, 75, 74, 70, 69, 68, 65, 64, 63, 62, 134, 133, 132, 131, 130, 129, 128, 126, 125, 122, 121, 120, 119, 159, 158, 157, 156, 155, 154, 153, 151, 150, 200, 199, 198, 197, 194, 193, 192, 190, 189, 188, 187, 186]",-92.53246753246754,(((((((.((.(....).)).))).)))).((((((..........(((.((((.......))))..)))...))))))...((((((................(.((..((((....))))..)).)))))))(((((((.((.....)).))))))).........((((.((((((((....))))).)))..))))
