,gene,sequence,start_codon,TIR_off,TIR_on_ss,TIR_on_ds
0,PA14_66630,ATGACTTCGAGATCAAGCCGGCTTCGCCCGATAACACCTCGAAGCTGCGCATGAGCATCTTGGCCAAGACCTACCGCTACAACGACAAGGGGCTGAAGAAATGAGAGCCCGCCTGATTCTGAGCAGCTTGCTGCTCACCATGCTTGCCGGTTGCGGCGCGAATTCCGAGTTCGGCGATCTTCAAGCCTATATGAACGAGG,101,425.4608,8.108591096936184,0.011181557922080752
1,PA14_66630,ATGACTTCGAGATCAAGCCGGCTTCGCCCGATAACACCTCGAAGCTGCGCATGAGCATCTTGGCCAAGACCTACCGCTACAACGACAAGGGGCTGAAGAAATGAGAGCCCGCCTGATTCTGAGCAGCTTGCTGCTCACCATGCTTGCCGGTTGCGGCGCGAATTCCGAGTTCGGCGATCTTCAAGCCTATATGAACGAGG,101,425.4608,8.854534097799931,0.011522108765104448
2,PA14_66630,ATGACTTCGAGATCAAGCCGGCTTCGCCCGATAACACCTCGAAGCTGCGCATGAGCATCTTGGCCAAGACCTACCGCTACAACGACAAGGGGCTGAAGAAATGAGAGCCCGCCTGATTCTGAGCAGCTTGCTGCTCACCATGCTTGCCGGTTGCGGCGCGAATTCCGAGTTCGGCGATCTTCAAGCCTATATGAACGAGG,101,425.4608,10.349512861272217,0.011844568692448699
3,PA14_66630,ATGACTTCGAGATCAAGCCGGCTTCGCCCGATAACACCTCGAAGCTGCGCATGAGCATCTTGGCCAAGACCTACCGCTACAACGACAAGGGGCTGAAGAAATGAGAGCCCGCCTGATTCTGAGCAGCTTGCTGCTCACCATGCTTGCCGGTTGCGGCGCGAATTCCGAGTTCGGCGATCTTCAAGCCTATATGAACGAGG,101,425.4608,10.390996429543456,0.011973191423787647
4,PA14_66630,ATGACTTCGAGATCAAGCCGGCTTCGCCCGATAACACCTCGAAGCTGCGCATGAGCATCTTGGCCAAGACCTACCGCTACAACGACAAGGGGCTGAAGAAATGAGAGCCCGCCTGATTCTGAGCAGCTTGCTGCTCACCATGCTTGCCGGTTGCGGCGCGAATTCCGAGTTCGGCGATCTTCAAGCCTATATGAACGAGG,101,425.4608,10.68607467535812,0.012142005646685286
5,PA14_66630,ATGACTTCGAGATCAAGCCGGCTTCGCCCGATAACACCTCGAAGCTGCGCATGAGCATCTTGGCCAAGACCTACCGCTACAACGACAAGGGGCTGAAGAAATGAGAGCCCGCCTGATTCTGAGCAGCTTGCTGCTCACCATGCTTGCCGGTTGCGGCGCGAATTCCGAGTTCGGCGATCTTCAAGCCTATATGAACGAGG,101,425.4608,10.728907271856993,0.017727103601330542
6,PA14_66630,ATGACTTCGAGATCAAGCCGGCTTCGCCCGATAACACCTCGAAGCTGCGCATGAGCATCTTGGCCAAGACCTACCGCTACAACGACAAGGGGCTGAAGAAATGAGAGCCCGCCTGATTCTGAGCAGCTTGCTGCTCACCATGCTTGCCGGTTGCGGCGCGAATTCCGAGTTCGGCGATCTTCAAGCCTATATGAACGAGG,101,425.4608,425.4608,0.011030508711985243
7,PA14_66630,ATGACTTCGAGATCAAGCCGGCTTCGCCCGATAACACCTCGAAGCTGCGCATGAGCATCTTGGCCAAGACCTACCGCTACAACGACAAGGGGCTGAAGAAATGAGAGCCCGCCTGATTCTGAGCAGCTTGCTGCTCACCATGCTTGCCGGTTGCGGCGCGAATTCCGAGTTCGGCGATCTTCAAGCCTATATGAACGAGG,101,425.4608,425.4608,0.011330142316595411
8,PA14_66630,ATGACTTCGAGATCAAGCCGGCTTCGCCCGATAACACCTCGAAGCTGCGCATGAGCATCTTGGCCAAGACCTACCGCTACAACGACAAGGGGCTGAAGAAATGAGAGCCCGCCTGATTCTGAGCAGCTTGCTGCTCACCATGCTTGCCGGTTGCGGCGCGAATTCCGAGTTCGGCGATCTTCAAGCCTATATGAACGAGG,101,425.4608,425.4608,0.011750184257094952
9,PA14_66630,ATGACTTCGAGATCAAGCCGGCTTCGCCCGATAACACCTCGAAGCTGCGCATGAGCATCTTGGCCAAGACCTACCGCTACAACGACAAGGGGCTGAAGAAATGAGAGCCCGCCTGATTCTGAGCAGCTTGCTGCTCACCATGCTTGCCGGTTGCGGCGCGAATTCCGAGTTCGGCGATCTTCAAGCCTATATGAACGAGG,101,425.4608,9.785835032848714,0.011802002237743513
10,PA14_66630,ATGACTTCGAGATCAAGCCGGCTTCGCCCGATAACACCTCGAAGCTGCGCATGAGCATCTTGGCCAAGACCTACCGCTACAACGACAAGGGGCTGAAGAAATGAGAGCCCGCCTGATTCTGAGCAGCTTGCTGCTCACCATGCTTGCCGGTTGCGGCGCGAATTCCGAGTTCGGCGATCTTCAAGCCTATATGAACGAGG,101,425.4608,10.68607467535812,0.012108053454063935
11,PA14_66630,ATGACTTCGAGATCAAGCCGGCTTCGCCCGATAACACCTCGAAGCTGCGCATGAGCATCTTGGCCAAGACCTACCGCTACAACGACAAGGGGCTGAAGAAATGAGAGCCCGCCTGATTCTGAGCAGCTTGCTGCTCACCATGCTTGCCGGTTGCGGCGCGAATTCCGAGTTCGGCGATCTTCAAGCCTATATGAACGAGG,101,425.4608,9.630497928651343,0.018989744417169226
12,PA14_66630,ATGACTTCGAGATCAAGCCGGCTTCGCCCGATAACACCTCGAAGCTGCGCATGAGCATCTTGGCCAAGACCTACCGCTACAACGACAAGGGGCTGAAGAAATGAGAGCCCGCCTGATTCTGAGCAGCTTGCTGCTCACCATGCTTGCCGGTTGCGGCGCGAATTCCGAGTTCGGCGATCTTCAAGCCTATATGAACGAGG,101,425.4608,10.023551184106754,0.01925748748026269
13,PA14_66630,ATGACTTCGAGATCAAGCCGGCTTCGCCCGATAACACCTCGAAGCTGCGCATGAGCATCTTGGCCAAGACCTACCGCTACAACGACAAGGGGCTGAAGAAATGAGAGCCCGCCTGATTCTGAGCAGCTTGCTGCTCACCATGCTTGCCGGTTGCGGCGCGAATTCCGAGTTCGGCGATCTTCAAGCCTATATGAACGAGG,101,425.4608,2.947214760148344,0.01892149996550657
14,PA14_66630,ATGACTTCGAGATCAAGCCGGCTTCGCCCGATAACACCTCGAAGCTGCGCATGAGCATCTTGGCCAAGACCTACCGCTACAACGACAAGGGGCTGAAGAAATGAGAGCCCGCCTGATTCTGAGCAGCTTGCTGCTCACCATGCTTGCCGGTTGCGGCGCGAATTCCGAGTTCGGCGATCTTCAAGCCTATATGAACGAGG,101,425.4608,2.970888533675337,0.01915760219978175
0,PA14_66640,CGGTGGACCAGGCCAACGTGTTCCAACTGACCGTGCAGCAGACGCAGCCCGGCGAGGAAGACGCCAAGGCGAAGCATGGGGTTGCGCAAGGAGCCAAGAAATGAGTCTGGCCAGTTCCCTGGAAAGTCTGCGCAAGATCGACGTAAACGACCTCGATCTGAACAACATCGGTTCCTGGCCGGCGGCGGTCAAGGTCATCG,101,186.6183,1.1981136240085755,0.0012337664938188344
1,PA14_66640,CGGTGGACCAGGCCAACGTGTTCCAACTGACCGTGCAGCAGACGCAGCCCGGCGAGGAAGACGCCAAGGCGAAGCATGGGGTTGCGCAAGGAGCCAAGAAATGAGTCTGGCCAGTTCCCTGGAAAGTCTGCGCAAGATCGACGTAAACGACCTCGATCTGAACAACATCGGTTCCTGGCCGGCGGCGGTCAAGGTCATCG,101,186.6183,1.2321370469648119,0.004224703051904831
2,PA14_66640,CGGTGGACCAGGCCAACGTGTTCCAACTGACCGTGCAGCAGACGCAGCCCGGCGAGGAAGACGCCAAGGCGAAGCATGGGGTTGCGCAAGGAGCCAAGAAATGAGTCTGGCCAGTTCCCTGGAAAGTCTGCGCAAGATCGACGTAAACGACCTCGATCTGAACAACATCGGTTCCTGGCCGGCGGCGGTCAAGGTCATCG,101,186.6183,186.6183,0.004613351046929128
3,PA14_66640,CGGTGGACCAGGCCAACGTGTTCCAACTGACCGTGCAGCAGACGCAGCCCGGCGAGGAAGACGCCAAGGCGAAGCATGGGGTTGCGCAAGGAGCCAAGAAATGAGTCTGGCCAGTTCCCTGGAAAGTCTGCGCAAGATCGACGTAAACGACCTCGATCTGAACAACATCGGTTCCTGGCCGGCGGCGGTCAAGGTCATCG,101,186.6183,3.5566413777846657,0.004811251025520399
4,PA14_66640,CGGTGGACCAGGCCAACGTGTTCCAACTGACCGTGCAGCAGACGCAGCCCGGCGAGGAAGACGCCAAGGCGAAGCATGGGGTTGCGCAAGGAGCCAAGAAATGAGTCTGGCCAGTTCCCTGGAAAGTCTGCGCAAGATCGACGTAAACGACCTCGATCTGAACAACATCGGTTCCTGGCCGGCGGCGGTCAAGGTCATCG,101,186.6183,3.585210426648336,0.36170480003979255
5,PA14_66640,CGGTGGACCAGGCCAACGTGTTCCAACTGACCGTGCAGCAGACGCAGCCCGGCGAGGAAGACGCCAAGGCGAAGCATGGGGTTGCGCAAGGAGCCAAGAAATGAGTCTGGCCAGTTCCCTGGAAAGTCTGCGCAAGATCGACGTAAACGACCTCGATCTGAACAACATCGGTTCCTGGCCGGCGGCGGTCAAGGTCATCG,101,186.6183,3.883831602402517,0.0027891109808715494
6,PA14_66640,CGGTGGACCAGGCCAACGTGTTCCAACTGACCGTGCAGCAGACGCAGCCCGGCGAGGAAGACGCCAAGGCGAAGCATGGGGTTGCGCAAGGAGCCAAGAAATGAGTCTGGCCAGTTCCCTGGAAAGTCTGCGCAAGATCGACGTAAACGACCTCGATCTGAACAACATCGGTTCCTGGCCGGCGGCGGTCAAGGTCATCG,101,186.6183,186.6183,0.004545571997410759
7,PA14_66640,CGGTGGACCAGGCCAACGTGTTCCAACTGACCGTGCAGCAGACGCAGCCCGGCGAGGAAGACGCCAAGGCGAAGCATGGGGTTGCGCAAGGAGCCAAGAAATGAGTCTGGCCAGTTCCCTGGAAAGTCTGCGCAAGATCGACGTAAACGACCTCGATCTGAACAACATCGGTTCCTGGCCGGCGGCGGTCAAGGTCATCG,101,186.6183,2.1657907072912495,0.002739353023768266
8,PA14_66640,CGGTGGACCAGGCCAACGTGTTCCAACTGACCGTGCAGCAGACGCAGCCCGGCGAGGAAGACGCCAAGGCGAAGCATGGGGTTGCGCAAGGAGCCAAGAAATGAGTCTGGCCAGTTCCCTGGAAAGTCTGCGCAAGATCGACGTAAACGACCTCGATCTGAACAACATCGGTTCCTGGCCGGCGGCGGTCAAGGTCATCG,101,186.6183,2.698778689746813,0.003402584823010156
9,PA14_66640,CGGTGGACCAGGCCAACGTGTTCCAACTGACCGTGCAGCAGACGCAGCCCGGCGAGGAAGACGCCAAGGCGAAGCATGGGGTTGCGCAAGGAGCCAAGAAATGAGTCTGGCCAGTTCCCTGGAAAGTCTGCGCAAGATCGACGTAAACGACCTCGATCTGAACAACATCGGTTCCTGGCCGGCGGCGGTCAAGGTCATCG,101,186.6183,2.842837289745592,0.004797797521517736
10,PA14_66640,CGGTGGACCAGGCCAACGTGTTCCAACTGACCGTGCAGCAGACGCAGCCCGGCGAGGAAGACGCCAAGGCGAAGCATGGGGTTGCGCAAGGAGCCAAGAAATGAGTCTGGCCAGTTCCCTGGAAAGTCTGCGCAAGATCGACGTAAACGACCTCGATCTGAACAACATCGGTTCCTGGCCGGCGGCGGTCAAGGTCATCG,101,186.6183,186.6183,0.2753412611073123
11,PA14_66640,CGGTGGACCAGGCCAACGTGTTCCAACTGACCGTGCAGCAGACGCAGCCCGGCGAGGAAGACGCCAAGGCGAAGCATGGGGTTGCGCAAGGAGCCAAGAAATGAGTCTGGCCAGTTCCCTGGAAAGTCTGCGCAAGATCGACGTAAACGACCTCGATCTGAACAACATCGGTTCCTGGCCGGCGGCGGTCAAGGTCATCG,101,186.6183,4.224189752847818,0.003319233316205006
12,PA14_66640,CGGTGGACCAGGCCAACGTGTTCCAACTGACCGTGCAGCAGACGCAGCCCGGCGAGGAAGACGCCAAGGCGAAGCATGGGGTTGCGCAAGGAGCCAAGAAATGAGTCTGGCCAGTTCCCTGGAAAGTCTGCGCAAGATCGACGTAAACGACCTCGATCTGAACAACATCGGTTCCTGGCCGGCGGCGGTCAAGGTCATCG,101,186.6183,4.190528943830441,0.004262046855534321
13,PA14_66640,CGGTGGACCAGGCCAACGTGTTCCAACTGACCGTGCAGCAGACGCAGCCCGGCGAGGAAGACGCCAAGGCGAAGCATGGGGTTGCGCAAGGAGCCAAGAAATGAGTCTGGCCAGTTCCCTGGAAAGTCTGCGCAAGATCGACGTAAACGACCTCGATCTGAACAACATCGGTTCCTGGCCGGCGGCGGTCAAGGTCATCG,101,186.6183,4.224189752847818,0.002672248391825444
14,PA14_66640,CGGTGGACCAGGCCAACGTGTTCCAACTGACCGTGCAGCAGACGCAGCCCGGCGAGGAAGACGCCAAGGCGAAGCATGGGGTTGCGCAAGGAGCCAAGAAATGAGTCTGGCCAGTTCCCTGGAAAGTCTGCGCAAGATCGACGTAAACGACCTCGATCTGAACAACATCGGTTCCTGGCCGGCGGCGGTCAAGGTCATCG,101,186.6183,186.6183,0.004262046855534321
